Nauticat-441,12.30 ft / 3.75 m,"36,376 lb / 16,500 kg",13.56,222 gals / 840 L,164 gals / 620 L,Masthead  Ketch,Yanmar,Long Keel,57.41 ft / 17.50 m
Wauquiez-Pilot-Saloon-40,13.25 ft / 4.04 m,"22,046 lb / 10,000 kg",14.01,58 gals / 220 L,116 gals / 439 L,Masthead Sloop,Yanmar,Fin w/bulb & spade rudder,
Wauquiez-Pilot-Saloon-41,13.25 ft / 4.04 m,"22,046 lb / 10,000 kg",14.1,58 gals / 220 L,116 gals / 439 L,Masthead Sloop,Yanmar,Fin w/bulb & spade rudder,
Southerly-420,13.22 ft / 4.03 m,"26,014 lb / 11,800 kg",14.36,79 gals / 299 L,150 gals / 568 L,Fractional  Sloop,Yanmar,Swing Keel,61.42 ft / 18.72 m
Discovery-55,15.68 ft / 4.78 m,"49,604 lb / 22,500 kg",14.74,"352 gals / 1,334 L","266 gals / 1,008 L",Masthead Sloop,Yanmar,Fin with rudder on skeg,77.16 ft / 23.52 m
Najad-380,11.97 ft / 3.65 m,"20,062 lb / 9,100 kg",15.03,86 gals / 326 L,106 gals / 401 L,Fractional  Sloop,Yanmar,Fin with rudder on skeg,58.25 ft / 17.75 m
Island-Packet-420,14.25 ft / 4.34 m,"30,000 lb / 13,608 kg",15.38,160 gals / 606 L,250 gals / 946 L,Cutter,Yanmar,Long Keel,58.83 ft / 17.93 m
Oyster-46,14.00 ft / 4.27 m,"31,980 lb / 14,506 kg",15.63,120 gals / 454 L,144 gals / 545 L,Staysail Ketch,Perkins,Fin with rudder on skeg,
Beneteau-40,12.83 ft / 3.91 m,"18,210 lb / 8,260 kg",15.73,53 gals / 201 L,100 gals / 379 L,Fractional  Sloop,Yanmar,Fin w/bulb & spade rudder,
Moody-49,14.44 ft / 4.40 m,"34,612 lb / 15,700 kg",15.75,139 gals / 526 L,211 gals / 799 L,Cutter,Yanmar,Fin w/spade rudder,
Southerly-38,13.00 ft / 3.96 m,"21,872 lb / 9,921 kg",15.81,54 gals / 204 L,59 gals / 223 L,Fractional  Sloop,Yanmar,Swing Keel,61.83 ft / 18.85 m
Bestevaer-49ST,14.44 ft / 4.40 m,"37,479 lb / 17,000 kg",16.17,188 gals / 710 L,211 gals / 800 L,Fractional (9/10) Sloop,Yanmar,Fin w/bulb & spade rudder,72.18 ft / 22.00 m
Catalina-387,12.34 ft / 3.76 m,"19,000 lb / 8,618 kg",16.24,37 gals / 140 L,102 gals / 386 L,Masthead Sloop,Yanmar,Fin w/spade rudder,56.00 ft / 17.07 m
Island-Packet-445,14.33 ft / 4.37 m,"34,500 lb / 15,649 kg",16.28,160 gals / 606 L,260 gals / 984 L,Cutter,,Long Keel,62.00 ft / 18.90 m
Hallberg-Rassy-54,15.42 ft / 4.70 m,"57,981 lb / 26,300 kg",16.34,238 gals / 901 L,"272 gals / 1,030 L",Masthead Sloop,Volvo Penta,Fin w/spade rudder,80.38 ft / 24.50 m
Delphia-40,12.93 ft / 3.94 m,"18,188 lb / 8,250 kg",16.39,55 gals / 208 L,92 gals / 348 L,Fractional  Sloop,Volvo,Fin w/bulb & spade rudder,55.75 ft / 16.99 m
Rustler-44,13.78 ft / 4.20 m,"30,203 lb / 13,700 kg",16.45,120 gals / 455 L,193 gals / 730 L,Cutter,Nanni,Fin with rudder on skeg,64.30 ft / 19.60 m
Malo-40,12.57 ft / 3.83 m,"20,900 lb / 9,480 kg",16.51,69 gals / 261 L,120 gals / 454 L,Masthead Sloop,Yanmar,Fin w/spade rudder,
Hunter-45-DS,14.50 ft / 4.42 m,"22,937 lb / 10,404 kg",16.57,66 gals / 250 L,140 gals / 530 L,B&R,Yanmar,Fin w/spade rudder,
Moody-54,15.92 ft / 4.85 m,"44,132 lb / 20,018 kg",16.59,180 gals / 681 L,252 gals / 954 L,Cutter,Yanmar,Fin with rudder on skeg,
Catalina-375,13.00 ft / 3.96 m,"15,500 lb / 7,031 kg",16.69,40 gals / 151 L,97 gals / 367 L,Fractional  Sloop,Yanmar,Fin w/spade rudder,54.00 ft / 16.46 m
Catalina-445,13.58 ft / 4.14 m,"23,500 lb / 10,659 kg",16.76,66 gals / 250 L,179 gals / 678 L,Fractional  Sloop,Yanmar,Fin w/bulb & spade rudder,62.83 ft / 19.15 m
Hunter-466,14.00 ft / 4.27 m,"26,180 lb / 11,875 kg",17,100 gals / 379 L,200 gals / 757 L,B&R,Yanmar,Fin w/spade rudder,63.00 ft / 19.20 m
Nauticat-385,11.81 ft / 3.60 m,"20,944 lb / 9,500 kg",17.07,88 gals / 335 L,116 gals / 440 L,Masthead Sloop,Yanmar,Fin w/rudder on partial skeg,54.79 ft / 16.70 m
Catalina-42-MK-II,13.83 ft / 4.22 m,"20,500 lb / 9,299 kg",17.09,38 gals / 144 L,138 gals / 522 L,Masthead Sloop,Yanmar,Fin w/spade rudder,
Catalina-42-Mk-II,13.83 ft / 4.22 m,"20,500 lb / 9,299 kg",17.09,38 gals / 144 L,138 gals / 522 L,Masthead Sloop,Yanmar,Fin w/spade rudder,
Catalina-Morgan-440,14.00 ft / 4.27 m,"25,528 lb / 11,579 kg",17.27,100 gals / 379 L,176 gals / 666 L,Masthead Sloop,Yanmar,Wing Keel,62.33 ft / 19.00 m
Hunter-41-DS,13.25 ft / 4.04 m,"19,400 lb / 8,800 kg",17.33,51 gals / 193 L,140 gals / 530 L,B&R,Yanmar,Fin w/spade rudder,61.92 ft / 18.87 m
Rustler-42,13.33 ft / 4.06 m,"26,000 lb / 11,793 kg",17.39,75 gals / 284 L,110 gals / 416 L,Cutter,Nanni,Fin with rudder on skeg,
ShearWater-39,12.80 ft / 3.90 m,"21,605 lb / 9,800 kg",17.41,,,Cutter,,Fin w/transom hung rudder,
Elan-GT5,12.83 ft / 3.91 m,"19,070 lb / 8,650 kg",17.44,38 gals / 144 L,58 gals / 220 L,Fractional  Sloop,Volvo Penta,Fin w/bulb & dual rudders,60.33 ft / 18.39 m
Catalina-385,13.08 ft / 3.99 m,"15,500 lb / 7,031 kg",17.49,42 gals / 159 L,55 gals / 208 L,Fractional  Sloop,Yanmar,Fin w/bulb & spade rudder,54.00 ft / 16.46 m
Moody-45-DS,14.99 ft / 4.57 m,"29,983 lb / 13,600 kg",17.55,158 gals / 598 L,211 gals / 799 L,Fractional  Sloop,Yanmar,Fin w/bulb & dual rudders,
Wauquiez-Pilot-Saloon-42,14.24 ft / 4.34 m,"26,550 lb / 12,043 kg",17.56,110 gals / 416 L,162 gals / 613 L,Fractional  Sloop,Yanmar,Fin w/bulb & dual rudders,62.89 ft / 19.17 m
Bavaria-Vision-46,13.75 ft / 4.19 m,"27,117 lb / 12,300 kg",17.58,55 gals / 208 L,153 gals / 579 L,Fractional  Sloop,Volvo Penta,Fin w/bulb & spade rudder,65.95 ft / 20.10 m
Contest-50CS,15.03 ft / 4.58 m,"38,580 lb / 17,500 kg",17.59,140 gals / 530 L,158 gals / 598 L,Masthead Sloop,Yanmar,Fin w/bulb & spade rudder,77.30 ft / 23.56 m
Zuanelli-40,12.80 ft / 3.90 m,"17,200 lb / 7,802 kg",17.64,60 gals / 227 L,106 gals / 401 L,Masthead Sloop,Volvo Penta,Fin with rudder on skeg,
Sabre-426,13.42 ft / 4.09 m,"24,000 lb / 10,886 kg",17.76,60 gals / 227 L,120 gals / 454 L,Masthead Sloop,Yanmar,Fin w/bulb & spade rudder,59.00 ft / 17.98 m
Hanse-385,12.73 ft / 3.88 m,"16,755 lb / 7,600 kg",17.76,42 gals / 159 L,84 gals / 318 L,Fractional  Sloop,,Fin w/bulb & spade rudder,56.76 ft / 17.30 m
Hallberg-Rassy-40,12.53 ft / 3.82 m,"22,046 lb / 10,000 kg",17.77,118 gals / 445 L,122 gals / 460 L,Masthead Sloop,Volvo Penta,Fin w/rudder on partial skeg,60.04 ft / 18.30 m
Catalina-400-MK-II,13.50 ft / 4.11 m,"19,700 lb / 8,936 kg",17.79,35 gals / 132 L,110 gals / 416 L,Masthead Sloop,Yanmar,Fin w/bulb & spade rudder,58.00 ft / 17.68 m
Hallberg-Rassy-48,14.76 ft / 4.50 m,"40,786 lb / 18,500 kg",18.01,211 gals / 800 L,240 gals / 910 L,Masthead Sloop,Volvo Penta,Fin w/rudder on partial skeg,71.36 ft / 21.75 m
Catalina-470,14.00 ft / 4.27 m,"27,000 lb / 12,247 kg",18.03,84 gals / 318 L,214 gals / 810 L,Masthead Sloop,Yanmar,Fin w/bulb & spade rudder,63.33 ft / 19.30 m
Island-Packet-440,14.33 ft / 4.37 m,"32,000 lb / 14,515 kg",18.03,160 gals / 606 L,260 gals / 984 L,Cutter,Yanmar,Long keel w/rudder on skeg,62.00 ft / 18.90 m
Contest-42CS,13.45 ft / 4.10 m,"29,762 lb / 13,500 kg",18.17,76 gals / 288 L,114 gals / 432 L,Fractional  Sloop,Yanmar,Fin w/bulb & spade rudder,69.16 ft / 21.08 m
Tartan-4400,14.10 ft / 4.30 m,"24,000 lb / 10,886 kg",18.21,80 gals / 303 L,200 gals / 757 L,Masthead Sloop,,Fin w/bulb & spade rudder,
Hanse-388,12.80 ft / 3.90 m,"17,835 lb / 8,090 kg",18.21,42 gals / 159 L,78 gals / 295 L,Fractional  Sloop,,Fin w/bulb & spade rudder,57.75 ft / 17.60 m
Sunbeam-39,12.80 ft / 3.90 m,"19,842 lb / 9,000 kg",18.33,53 gals / 200 L,119 gals / 450 L,Masthead Sloop,Yanmar,Fin w/spade rudder,47.24 ft / 14.40 m
Hanse-411,13.29 ft / 4.05 m,"21,385 lb / 9,700 kg",18.42,26 gals / 100 L,58 gals / 220 L,Fractional  Sloop,Volvo Penta,Fin w/bulb & spade rudder,64.14 ft / 19.55 m
Hallberg-Rassy-412,13.48 ft / 4.11 m,"24,471 lb / 11,100 kg",18.46,91 gals / 344 L,180 gals / 680 L,Fractional  Sloop,Volvo Penta,Fin w/spade rudder,64.47 ft / 19.65 m
Wauquiez-Pilot-Saloon-47,14.80 ft / 4.51 m,"30,864 lb / 14,000 kg",18.48,172 gals / 651 L,162 gals / 613 L,Fractional  Sloop,Yanmar,Fin w/bulb & spade rudder,
Contest-45CS,13.45 ft / 4.10 m,"29,762 lb / 13,500 kg",18.55,76 gals / 286 L,111 gals / 420 L,Fractional  Sloop,Yanmar,Fin w/bulb & spade rudder,69.16 ft / 21.08 m
Sabre-386,12.66 ft / 3.86 m,"16,949 lb / 7,688 kg",18.57,40 gals / 151 L,100 gals / 379 L,Masthead Sloop,Yanmar,Fin w/bulb & spade rudder,56.33 ft / 17.17 m
Southerly-48,14.63 ft / 4.46 m,"41,868 lb / 18,991 kg",18.65,175 gals / 664 L,106 gals / 403 L,Fractional  Sloop,Yanmar,Swing keel w/dual rudders,71.75 ft / 21.87 m
Dehler-37,11.58 ft / 3.53 m,"11,300 lb / 5,126 kg",18.68,,,Masthead Sloop,Yanmar,Fin w/spade rudder,
Dufour-44-Performance,13.94 ft / 4.25 m,"22,366 lb / 10,145 kg",18.7,66 gals / 250 L,114 gals / 432 L,Fractional  Sloop,Volvo,Fin w/bulb & spade rudder,62.50 ft / 19.05 m
Hunter-380,12.58 ft / 3.83 m,"16,000 lb / 7,257 kg",18.72,30 gals / 114 L,75 gals / 284 L,B&R,Yanmar,Fin w/bulb & spade rudder,59.50 ft / 18.14 m
Sweden-Yachts-42,12.80 ft / 3.90 m,"22,046 lb / 10,000 kg",18.77,74 gals / 280 L,112 gals / 424 L,Fractional  Sloop,Volvo Penta,Fin w/bulb & spade rudder,
Hanse-418,13.68 ft / 4.17 m,"22,377 lb / 10,150 kg",18.9,42 gals / 160 L,125 gals / 475 L,Fractional  Sloop,,Fin w/bulb & spade rudder,64.30 ft / 19.60 m
Najad-505,15.06 ft / 4.59 m,"41,667 lb / 18,900 kg",18.99,190 gals / 719 L,211 gals / 799 L,Fractional  Sloop,Volvo Penta,Fin w/bulb & spade rudder,74.50 ft / 22.71 m
Beneteau-423,12.93 ft / 3.94 m,"19,500 lb / 8,845 kg",19.07,53 gals / 201 L,154 gals / 583 L,Masthead Sloop,Volvo,Fin w/bulb & spade rudder,
Hanse-548,16.57 ft / 5.05 m,"43,211 lb / 19,600 kg",19.12,137 gals / 520 L,203 gals / 770 L,Fractional  Sloop,,Fin w/bulb & spade rudder,81.04 ft / 24.70 m
Hanse-531,16.16 ft / 4.93 m,"41,888 lb / 19,000 kg",19.12,106 gals / 401 L,208 gals / 787 L,Fractional  Sloop,Yanmar,Fin w/bulb & spade rudder,86.12 ft / 26.25 m
Elan-450,14.30 ft / 4.36 m,"24,917 lb / 11,302 kg",19.17,54 gals / 204 L,116 gals / 439 L,Fractional  Sloop,,Fin w/bulb & dual rudders,
Oyster-475,14.47 ft / 4.41 m,"35,274 lb / 16,000 kg",19.29,198 gals / 750 L,,Masthead Sloop,Yanmar,Fin w/bulb & spade rudder,62.40 ft / 19.02 m
Hanse-540e,16.11 ft / 4.91 m,"41,226 lb / 18,700 kg",19.32,99 gals / 375 L,182 gals / 689 L,Fractional  Sloop,Volvo,Fin w/bulb & spade rudder,
Dehler-41-CR,12.80 ft / 3.90 m,"19,621 lb / 8,900 kg",19.34,37 gals / 140 L,100 gals / 379 L,Fractional  Sloop,Yanmar,Fin w/bulb & spade rudder,
Contest-55CS,15.26 ft / 4.65 m,"54,675 lb / 24,800 kg",19.4,"264 gals / 1,000 L","264 gals / 1,000 L",Cutter,Perkins,Wing keel w/spade rudder,81.69 ft / 24.90 m
Hanse-545,16.11 ft / 4.91 m,"41,226 lb / 18,700 kg",19.48,106 gals / 401 L,185 gals / 700 L,Fractional  Sloop,Yanmar,Fin w/bulb & spade rudder,86.20 ft / 26.27 m
Nauticat-44,12.17 ft / 3.71 m,"32,000 lb / 14,515 kg",19.56,"285 gals / 1,079 L",200 gals / 757 L,Masthead  Ketch,Ford,Long Keel,
Hanse-445,14.37 ft / 4.38 m,"24,251 lb / 11,000 kg",19.58,58 gals / 220 L,119 gals / 450 L,Fractional  Sloop,,Fin w/bulb & spade rudder,
Hanse-430,13.71 ft / 4.18 m,"24,030 lb / 10,900 kg",19.71,61 gals / 231 L,86 gals / 326 L,Fractional  Sloop,Yanmar,Fin w/bulb & spade rudder,
Tayana-48,14.50 ft / 4.42 m,"35,000 lb / 15,876 kg",19.76,120 gals / 454 L,220 gals / 833 L,Cutter,Yanmar,Fin with rudder on skeg,
Hanse-575,17.06 ft / 5.20 m,"42,990 lb / 19,500 kg",19.84,137 gals / 519 L,214 gals / 810 L,Fractional  Sloop,Volvo,Fin w/bulb & spade rudder,83.00 ft / 25.30 m
Hanse-415,13.68 ft / 4.17 m,"19,621 lb / 8,900 kg",19.85,42 gals / 159 L,84 gals / 318 L,Fractional  Sloop,,Fin w/bulb & spade rudder,64.33 ft / 19.61 m
Hallberg-Rassy-44,13.78 ft / 4.20 m,"29,321 lb / 13,300 kg",19.93,111 gals / 420 L,197 gals / 745 L,Fractional  Sloop,Volvo Penta,Fin w/dual rudders,70.87 ft / 21.60 m
Hylas-49,14.24 ft / 4.34 m,"31,967 lb / 14,500 kg",19.95,140 gals / 530 L,230 gals / 871 L,Cutter,Yanmar,Fin with rudder on skeg,
Hanse-495,15.58 ft / 4.75 m,"30,864 lb / 14,000 kg",19.97,79 gals / 299 L,172 gals / 651 L,Fractional  Sloop,,Fin w/bulb & spade rudder,66.60 ft / 20.30 m
Sweden-Yachts-45,13.71 ft / 4.18 m,"27,337 lb / 12,400 kg",20.01,75 gals / 285 L,115 gals / 435 L,Masthead Sloop,Volvo,Fin w/bulb & spade rudder,
Hunter-49,14.75 ft / 4.50 m,"32,813 lb / 14,884 kg",20.02,150 gals / 568 L,200 gals / 757 L,B&R,Yanmar,Wing Keel,63.33 ft / 19.30 m
Hanse-508,15.58 ft / 4.75 m,"32,408 lb / 14,700 kg",20.04,74 gals / 280 L,166 gals / 630 L,Solent,,Fin w/bulb & spade rudder,72.34 ft / 22.05 m
Tartan-4000,12.00 ft / 3.66 m,"18,854 lb / 8,552 kg",20.18,75 gals / 284 L,120 gals / 454 L,Fractional  Sloop,,Fin w/spade rudder,64.25 ft / 19.58 m
Allures-44,13.94 ft / 4.25 m,"23,148 lb / 10,500 kg",20.21,145 gals / 549 L,145 gals / 549 L,Fractional  Sloop,Volvo Penta,Keel/Cbrd.,
Salona-45,13.78 ft / 4.20 m,"22,046 lb / 10,000 kg",20.31,71 gals / 269 L,106 gals / 401 L,Fractional  Sloop,Yanmar,Fin w/bulb & spade rudder,
Bavaria-Cruiser-46,14.27 ft / 4.35 m,"27,778 lb / 12,600 kg",20.35,55 gals / 208 L,95 gals / 360 L,Fractional  Sloop,Volvo Penta,Fin w/bulb & dual rudders,68.08 ft / 20.75 m
Hanse-400,13.25 ft / 4.04 m,"18,739 lb / 8,500 kg",20.4,37 gals / 140 L,79 gals / 299 L,Fractional  Sloop,,Fin w/bulb & spade rudder,
Tartan-4300,12.50 ft / 3.81 m,"21,775 lb / 9,877 kg",20.47,60 gals / 227 L,120 gals / 454 L,Masthead Sloop,Volvo,Fin w/spade rudder,64.75 ft / 19.74 m
Hylas-46,13.75 ft / 4.19 m,"27,777 lb / 12,599 kg",20.49,100 gals / 379 L,200 gals / 757 L,Masthead Sloop,Yanmar,Fin w/spade rudder,63.00 ft / 19.20 m
Elan-410,12.83 ft / 3.91 m,"18,298 lb / 8,300 kg",20.52,38 gals / 144 L,94 gals / 356 L,Fractional  Sloop,,Fin w/bulb & spade rudder,
Hanse-455,14.37 ft / 4.38 m,"25,574 lb / 11,600 kg",20.52,58 gals / 220 L,119 gals / 450 L,Fractional  Sloop,,Fin w/bulb & spade rudder,67.58 ft / 20.60 m
Hanse-505,15.58 ft / 4.75 m,"31,747 lb / 14,400 kg",20.53,74 gals / 280 L,166 gals / 630 L,Fractional  Sloop,,Fin w/bulb & spade rudder,72.50 ft / 22.10 m
Beneteau-43,13.50 ft / 4.11 m,"19,566 lb / 8,875 kg",20.66,53 gals / 201 L,95 gals / 360 L,Fractional  Sloop,Yanmar,Fin w/bulb & spade rudder,60.00 ft / 18.29 m
Dufour-40,12.80 ft / 3.90 m,"17,196 lb / 7,800 kg",20.89,42 gals / 160 L,87 gals / 330 L,Fractional  Sloop,,Fin w/bulb & spade rudder,57.91 ft / 17.65 m
Salona-42,12.53 ft / 3.82 m,"16,204 lb / 7,350 kg",21.02,55 gals / 208 L,60 gals / 227 L,Fractional  Sloop,Volvo,Fin w/bulb & spade rudder,
Hanse-461,14.67 ft / 4.47 m,"26,235 lb / 11,900 kg",21.11,66 gals / 250 L,106 gals / 401 L,Fractional  Sloop,Yanmar,Fin Keel w/bulb,80.15 ft / 24.43 m
Salona-44,13.75 ft / 4.19 m,"20,944 lb / 9,500 kg",21.12,58 gals / 220 L,84 gals / 318 L,Fractional  Sloop,,Fin w/bulb & spade rudder,
Amel-54,15.75 ft / 4.80 m,"38,580 lb / 17,500 kg",21.19,238 gals / 901 L,238 gals / 901 L,Staysail Ketch,Volvo Penta,Fin with rudder on skeg,
Hanse-470,14.63 ft / 4.46 m,"26,896 lb / 12,200 kg",21.22,66 gals / 250 L,100 gals / 379 L,Fractional  Sloop,Yanmar,Fin w/bulb & spade rudder,80.16 ft / 24.43 m
Boreal-47,14.11 ft / 4.30 m,"22,686 lb / 10,290 kg",21.57,159 gals / 600 L,201 gals / 760 L,Cutter,Volvo,Twin Daggerboards,
Boreal-44,14.11 ft / 4.30 m,"22,685 lb / 10,290 kg",21.58,159 gals / 600 L,201 gals / 760 L,Cutter,Volov,Twin Daggerboards,
Dehler-45,12.66 ft / 3.86 m,"21,385 lb / 9,700 kg",21.72,44 gals / 167 L,61 gals / 231 L,Fractional  Sloop,Volvo,Fin w/bulb & spade rudder,68.40 ft / 20.85 m
Dehler-42,12.83 ft / 3.91 m,"20,062 lb / 9,100 kg",21.75,42 gals / 160 L,83 gals / 315 L,Fractional  Sloop,Volvo,Fin w/bulb & spade rudder,63.98 ft / 19.50 m
Grand-Soleil-46-LC,14.47 ft / 4.41 m,"26,455 lb / 12,000 kg",21.81,79 gals / 300 L,159 gals / 600 L,Fractional  Sloop,Volvo,Fin w/bulb & spade rudder,
Catalina-425,13.67 ft / 4.17 m,"18,100 lb / 8,210 kg",21.9,56 gals / 212 L,114 gals / 432 L,Fractional  Sloop,Yanmar,Fin Keel,62.92 ft / 19.18 m
Bavaria-Cruiser-50,15.32 ft / 4.67 m,"27,778 lb / 12,600 kg",21.98,79 gals / 299 L,148 gals / 560 L,Fractional  Sloop,Volvo Penta,Fin w/bulb & spade rudder,
Salona-40,13.12 ft / 4.00 m,"15,873 lb / 7,200 kg",22.22,53 gals / 201 L,53 gals / 201 L,Fractional  Sloop,Volvo Penta,Fin w/bulb & spade rudder,
Maxi-1300,12.47 ft / 3.80 m,"18,298 lb / 8,300 kg",22.23,52 gals / 195 L,90 gals / 340 L,Fractional  Sloop,Volvo Penta,Fin w/bulb & spade rudder,
Grand-Soleil-46-Jezequel,13.78 ft / 4.20 m,"28,660 lb / 13,000 kg",22.33,85 gals / 322 L,172 gals / 651 L,Masthead Sloop,Volvo Penta,Fin w/spade rudder,
Solaris-42,13.09 ft / 3.99 m,"19,400 lb / 8,800 kg",22.73,53 gals / 201 L,92 gals / 348 L,Fractional  Sloop,Volvo Penta,Fin w/bulb & spade rudder,
Maxi-1200,12.30 ft / 3.75 m,"16,094 lb / 7,300 kg",22.78,40 gals / 150 L,69 gals / 260 L,Fractional  Sloop,Volvo,Fin w/bulb & spade rudder,62.17 ft / 18.95 m
Hunter-38,12.92 ft / 3.94 m,"18,342 lb / 8,320 kg",22.88,35 gals / 132 L,75 gals / 284 L,B&R,Yanmar,Fin w/spade rudder,59.08 ft / 18.01 m
Dehler-46,14.27 ft / 4.35 m,"25,353 lb / 11,500 kg",23,55 gals / 210 L,119 gals / 450 L,Fractional  Sloop,Volvo,Fin w/bulb & spade rudder,69.55 ft / 21.20 m
Dehler-41,12.89 ft / 3.93 m,"18,067 lb / 8,195 kg",23.09,29 gals / 110 L,78 gals / 295 L,Fractional  Sloop,Volvo,Fin w/bulb & spade rudder,64.96 ft / 19.80 m
Hunter-39,12.92 ft / 3.94 m,"18,077 lb / 8,200 kg",23.11,36 gals / 136 L,75 gals / 284 L,B&R,Yanmar,Fin w/spade rudder,62.00 ft / 18.90 m
Bestevaer-53ST,15.22 ft / 4.64 m,"39,683 lb / 18,000 kg",23.15,"291 gals / 1,100 L","317 gals / 1,200 L",Cutter,Yanmar,Fin w/bulb & spade rudder,73.82 ft / 22.50 m
Dehler-39-SQ,12.62 ft / 3.85 m,"16,755 lb / 7,600 kg",23.23,29 gals / 110 L,61 gals / 230 L,Fractional  Sloop,Yanmar,Fin w/bulb & spade rudder,61.84 ft / 18.85 m
Grand-Soleil-47,13.94 ft / 4.25 m,"24,471 lb / 11,100 kg",23.57,65 gals / 246 L,95 gals / 360 L,Fractional  Sloop,Volvo,Fin w/bulb & spade rudder,
Tofinou-16,14.11 ft / 4.30 m,"28,660 lb / 13,000 kg",23.65,53 gals / 200 L,106 gals / 400 L,Fractional  Sloop,Nanni,Fin w/bulb & dual rudders,
Bavaria-44-Vision,14.40 ft / 4.39 m,"22,928 lb / 10,400 kg",23.82,55 gals / 210 L,95 gals / 360 L,Fractional  Sloop,Volvo,Fin w/spade rudder,65.62 ft / 20.00 m
Dufour-40e,12.76 ft / 3.89 m,"17,527 lb / 7,950 kg",23.83,58 gals / 220 L,95 gals / 360 L,Fractional  Sloop,Volvo Penta,Fin w/bulb & spade rudder,
Solaris-48,14.44 ft / 4.40 m,"28,219 lb / 12,800 kg",23.99,79 gals / 299 L,132 gals / 500 L,Fractional  Sloop,Volvo Penta,Fin w/bulb & spade rudder,
Azuree-40,13.84 ft / 4.22 m,"16,270 lb / 7,380 kg",24.21,32 gals / 121 L,84 gals / 318 L,Fractional  Sloop,,Fin w/bulb & dual rudders,64.90 ft / 19.78 m
Grand-Soleil-43-Maletto,13.12 ft / 4.00 m,"20,062 lb / 9,100 kg",24.56,58 gals / 220 L,95 gals / 360 L,Fractional  Sloop,Volvo,Fin w/bulb & spade rudder,
Moody-45-Classic,13.78 ft / 4.20 m,"25,353 lb / 11,500 kg",24.72,58 gals / 220 L,84 gals / 318 L,Fractional  Sloop,Volvo,Fin w/bulb & spade rudder,
Grand-Soleil-43-BC,12.96 ft / 3.95 m,"19,621 lb / 8,900 kg",24.84,61 gals / 231 L,106 gals / 401 L,Fractional  Sloop,Volvo,Fin w/bulb & spade rudder,
Salona-38,11.88 ft / 3.62 m,"14,330 lb / 6,500 kg",25.88,26 gals / 98 L,48 gals / 182 L,Fractional  Sloop,,Fin w/bulb & spade rudder,
Azuree-46,13.94 ft / 4.25 m,"23,589 lb / 10,700 kg",26.05,57 gals / 216 L,98 gals / 371 L,Fractional  Sloop,,Fin w/bulb & dual rudders,76.00 ft / 23.16 m
Solaris-44,13.71 ft / 4.18 m,"21,605 lb / 9,800 kg",26.28,69 gals / 261 L,111 gals / 420 L,Fractional  Sloop,Volvo Penta,Fin w/bulb & spade rudder,
Beneteau-523,16.01 ft / 4.88 m,"30,864 lb / 14,000 kg",26.52,198 gals / 750 L,119 gals / 450 L,Fractional  Sloop,,Fin w/bulb & spade rudder,
Solaris-50,14.93 ft / 4.55 m,"31,305 lb / 14,200 kg",27.84,92 gals / 348 L,132 gals / 500 L,Fractional  Sloop,,Fin w/bulb & spade rudder,
Grand-Soleil-54,15.26 ft / 4.65 m,"35,274 lb / 16,000 kg",28.13,106 gals / 401 L,158 gals / 598 L,Fractional  Sloop,Yanmar,Fin w/bulb & spade rudder,
Tofinou-12,10.50 ft / 3.20 m,"10,582 lb / 4,800 kg",29.38,14 gals / 53 L,10 gals / 38 L,Fractional  Sloop,,Fin w/bulb & spade rudder,
,Beam,Displacement,S.A./Disp.,Fuel,Water,Rigging Type,Make,Type,Mast Height from DWL
Hunter-45cc,,,,,,,,,
Beneteau-Sense-51,,,,,,,,,
Beneteau-Moorings-43.5,,,,,,,,,
Alubat-CIGALE-16,,,,,,,,,
Beneteau-Oceanis-45,,,,,,,,,
Harmony-42-Elegance,,,,,,,,,
Sweden-Yachts-54,,,,,,,,,
X-Yachts-X-4.3,,,,,,,,,
Malo-43-Classic,,,,,,,,,
Beneteau-Oceanis-43-Family,,,,,,,,,
Comar-Comet-51S,,,,,,,,,
Jeanneau-Sun-Odyssey-49-DS,,,,,,,,,
Jeanneau-Sun-Odyssey-42-DS,,,,,,,,,
Salona-S380,,,,,,,,,
Delphia-46-cc,,,,,,,,,
Dufour-425,,,,,,,,,
Grand-Soleil-56,,,,,,,,,
Bavaria-45-Cruiser,,,,,,,,,
Elan-Impression-40,,,,,,,,,
B-Yachts-Brenta-B42,,,,,,,,,
Beneteau-Cyclades-50.5,,,,,,,,,
X-Yachts-40,,,,,,,,,
Grand-Soleil-39,,,,,,,,,
Dufour-460,,,,,,,,,
Hunter-44-DS,,,,,,,,,
Southerly-135,,,,,,,,,
C&C-115,,,,,,,,,
X-Yachts-41,,,,,,,,,
Elan-45-Impression,,,,,,,,,
Oyster-54,,,,,,,,,
Beneteau-Oceanis-473,,,,,,,,,
Jeanneau-Sun-Odyssey-469,,,,,,,,,
Grand-Soleil-43,,,,,,,,,
X-Yachts-Xc-50,,,,,,,,,
Beneteau-OCEANIS-55,,,,,,,,,
Dufour-40-Performance,,,,,,,,,
Beneteau-Sense-43,,,,,,,,,
Nordship-380DS,,,,,,,,,
Hunter-45-Center-Cockpit,,,,,,,,,
Beneteau-Oceanis-54,,,,,,,,,
Beneteau-Oceanis-48,,,,,,,,,
Jeanneau-Sun-Odyssey-49-Owners-Version,,,,,,,,,
Najad-440-CC,,,,,,,,,
Jeanneau-Sun-Odyssey-49DS,,,,,,,,,
Sly-48C,,,,,,,,,
Passport-Vista-515-Center-Cockpit,,,,,,,,,
Jeanneau-39i,,,,,,,,,
Elan-514-IMPRESSION,,,,,,,,,
Bavaria-40S-Cruiser,,,,,,,,,
Vismara-52-Carbon,,,,,,,,,
Jeanneau-Sun-Odyssey-440,,,,,,,,,
Bavaria-47-Cruiser,,,,,,,,,
Caliber-40-LRC-SE,,,,,,,,,
Dufour-45-Performance,,,,,,,,,
Hallberg-Rassy-43,,,,,,,,,
Southerly-42-RST,,,,,,,,,
Beneteau-Cyclades-43.4,,,,,,,,,
Hanse-400-Epoxy,,,,,,,,,
Beneteau-Oceanis-46,,,,,,,,,
Malo-40-classic,,,,,,,,,
Hanse-400e,,,,,,,,,
RM-Yachts-RM-12.70,,,,,,,,,
Hunter-41-Aft-Cockpit,,,,,,,,,
X-Yachts-X-50-Modern,,,,,,,,,
C&C-121,,,,,,,,,
Jeanneau-509,,,,,,,,,
Dufour-412-GL,,,,,,,,,
Jeanneau-45-Sun-Odyssey-Performance,,,,,,,,,
Bavaria-41-Cruiser,,,,,,,,,
Comar-Comet-52-RS,,,,,,,,,
Dufour-520,,,,,,,,,
Jeanneau-Sun-Odyssey-389,,,,,,,,,
B-Yachts-38,,,,,,,,,
Hunter-Passage-456,,,,,,,,,
Comar-Comet-41S,,,,,,,,,
Vismara-V50,,,,,,,,,
Bavaria-50-Cruiser,,,,,,,,,
Jeanneau-Sun-Odyssey-49i,,,,,,,,,
Hunter-AC-50,,,,,,,,,
Elan-50,,,,,,,,,
Nautor-Swan-ClubSwan-50,,,,,,,,,
Jeanneau-Sun-Odyssey-50-DS,,,,,,,,,
Jeanneau-Sun-Odyssey-49,,,,,,,,,
Bavaria-C45-Holiday,,,,,,,,,
Beneteau-Oceanis-423,,,,,,,,,
Bavaria-46-Cruiser,,,,,,,,,
Dufour-455,,,,,,,,,
Harmony-47,,,,,,,,,
Jeanneau-SUN-ODYSSEY-40.3,,,,,,,,,
Elan-Impression-50,,,,,,,,,
Dufour-385-GL,,,,,,,,,
Tayana-52-DS,,,,,,,,,
Wauquiez-Opium-39,,,,,,,,,
Dehler-47,,,,,,,,,
Jeanneau-Sun-Odyssey-42i-Performance,,,,,,,,,
Passport-545-Aft-Cockpit,,,,,,,,,
Van-De-Stadt-Stainless-Steel-Cutter,,,,,,,,,
Caliber-47-LRC-SE,,,,,,,,,
Dehler-44-SQ,,,,,,,,,
Grand-Soleil-40,,,,,,,,,
Dufour-56-Exclusive,,,,,,,,,
Dufour-40e-Performance,,,,,,,,,
Dufour-445-GL,,,,,,,,,
X-Yachts-50,,,,,,,,,
Beneteau-Oceanis-55.1,,,,,,,,,
Nautor-Swan-46,,,,,,,,,
Dufour-382-GL,,,,,,,,,
Beneteau-Cyclades-39.3,,,,,,,,,
Bavaria-38-Cruiser,,,,,,,,,
Beneteau-Oceanis-50-Family,,,,,,,,,
X-Yachts-XP50,,,,,,,,,
Jeanneau-Sun-Odyssey-45-Performance,,,,,,,,,
Beneteau-America-50,,,,,,,,,
Hunter-50-Center-Cockpit,,,,,,,,,
Elan-394-Impression,,,,,,,,,
Hanse-470e,,,,,,,,,
Dufour-485-GL,,,,,,,,,
Poncin-HARMONY-47,,,,,,,,,
Dufour-412,,,,,,,,,
Dufour-520-GL-Owner-Version,,,,,,,,,
Solaris-48-ONE,,,,,,,,,
Beneteau-Sense-55,,,,,,,,,
Hunter-M-H-40,,,,,,,,,
X-Yachts-X-50,,,,,,,,,
Jeanneau-Sun-Odyssey-45,,,,,,,,,
Hanse-430e,,,,,,,,,
Dufour-425-GL,,,,,,,,,
Grand-Soleil-56-EXTREME,,,,,,,,,
Dufour-405,,,,,,,,,
Beneteau-Oceanis-41.1,,,,,,,,,
Grand-Soleil-48-Ocean-Cruiser,,,,,,,,,
Jeanneau-409,,,,,,,,,
Beneteau-Sense-46,,,,,,,,,
Alliage-44,,,,,,,,,
Nautor-Swan-50,,,,,,,,,
Jeanneau-Sun-Odyssey-53,,,,,,,,,
Catalina-Morgan-440-DS-Sloop,,,,,,,,,
Harmony-38,,,,,,,,,
Oyster-545,,,,,,,,,
X-Yachts-Xc-38,,,,,,,,,
Jeanneau-Sun-Odyssey-40,,,,,,,,,
Nauticat-441-Ketch,,,,,,,,,
Jeanneau-Sun-Odyssey-490,,,,,,,,,
Beneteau-First-45,,,,,,,,,
Dufour-390,,,,,,,,,
Beneteau-Oceanis-38,,,,,,,,,
RM-Yachts-RM-1270,,,,,,,,,
Dehler-Varianta-44,,,,,,,,,
Jeanneau-Sun-Odyssey-49-Owners-version,,,,,,,,,
Nordship-DSC-38,,,,,,,,,
Beneteau-Oceanis-50.5,,,,,,,,,
Caliber-47LRC,,,,,,,,,
Hunter-50,,,,,,,,,
Malo-46,,,,,,,,,
Island-Packet-485,,,,,,,,,
Bavaria-51-Cruiser-Style,,,,,,,,,
Dufour-500-GL,,,,,,,,,
Dufour-45e-Performance,,,,,,,,,
Vismara-54,,,,,,,,,
Elan-Impression-384,,,,,,,,,
Southerly-535,,,,,,,,,
X-Yachts-Xp-38,,,,,,,,,
Beneteau-Oceanis-43,,,,,,,,,
Beneteau-Oceanis-523,,,,,,,,,
Sabre-456-MK-II,,,,,,,,,
Alubat-Ovni-395,,,,,,,,,
Bavaria-56-Cruiser,,,,,,,,,
Jeanneau-Sun-Odyssey-45-DS,,,,,,,,,
Dufour-445,,,,,,,,,
Sly-47,,,,,,,,,
Elan-434-Impression,,,,,,,,,
X-Yachts-X-46,,,,,,,,,
Salona-S41,,,,,,,,,
Dufour-385,,,,,,,,,
Jeanneau-Sun-Odyssey-439,,,,,,,,,
Beneteau-56,,,,,,,,,
X-Yachts-Xp-44,,,,,,,,,
Elan-Impression-434,,,,,,,,,
Dufour-520-GL,,,,,,,,,
Jeanneau-Sun-Odyssey-41DS,,,,,,,,,
Island-Packet-465,,,,,,,,,
Jeanneau-42-DS,,,,,,,,,
Hunter-41,,,,,,,,,
Bavaria-42-Vision,,,,,,,,,
Beneteau-Cyclades-43,,,,,,,,,
Jeanneau-Sun-Odyssey-42,,,,,,,,,
Comar-Comet-450,,,,,,,,,
Jeanneau-Sun-Odyssey-519,,,,,,,,,
Grand-Soleil-45-RACING,,,,,,,,,
Jeanneau-469,,,,,,,,,
Beneteau-Oceanis-46-Family,,,,,,,,,
Jeanneau-Sun-Odyssey-509,,,,,,,,,
Wauquiez-Pilot-Saloon-48,,,,,,,,,
Grand-Soleil-43-Maletto---GS-43,,,,,,,,,
Bavaria-40-Cruiser,,,,,,,,,
Comar-Comet-45S,,,,,,,,,
Dufour-460-Performance,,,,,,,,,
Sly-42,,,,,,,,,
Beneteau-Oceanis-51.1,,,,,,,,,
Beneteau-First-50,,,,,,,,,
Alliage-AZZURO-53,,,,,,,,,
Beneteau-Oceanis-Clipper-423,,,,,,,,,
Make-Variant,,,,,,,,,
X-Yachts-X4,,,,,,,,,
Hunter-OV,,,,,,,,,
Bavaria-42-Match,,,,,,,,,
Jeanneau-Sun-Odyssey-39-DS,,,,,,,,,
Hunter-44,,,,,,,,,
Dehler-44,,,,,,,,,
Passport-470-Center-Cockpit,,,,,,,,,
Grand-Soleil-40-B&C,,,,,,,,,
X-Yachts-X-55,,,,,,,,,
Jeanneau-Sun-Odyssey-44i,,,,,,,,,
Beneteau-Oceanis-40,,,,,,,,,
Dehler-47-SQ,,,,,,,,,
Solaris-One-44,,,,,,,,,
Dufour-460-GL,,,,,,,,,
Beneteau-Cyclades-43.3,,,,,,,,,
Nauticat-42,,,,,,,,,
Beneteau-Oceanis-51,,,,,,,,,
Beneteau-Oceanis-46.1,,,,,,,,,
Dufour-500,,,,,,,,,
Elan-444-Impression,,,,,,,,,
Grand-Soleil-45,,,,,,,,,
Moody-45-DS-e,,,,,,,,,
Beneteau-First-40-CR,,,,,,,,,
Morris-M42,,,,,,,,,
Beneteau-First-40,,,,,,,,,
Island-Packet-370,,,,,,,,,
Jeanneau-Sun-Odyssey-44-DS,,,,,,,,,
J-boats-J-122,,,,,,,,,
Beneteau-Oceanis-46-Owner-Version,,,,,,,,,
Beneteau-Oceanis-50,,,,,,,,,
Jeanneau-Sun-Odyssey-40.9,,,,,,,,,
Van-De-Stadt-Norman-41,,,,,,,,,
Jeanneau-51,,,,,,,,,
Morris-M42X,,,,,,,,,
Elan-Impression-45,,,,,,,,,
X-Yachts-X-41-One-Design,,,,,,,,,
Dufour-455-GL,,,,,,,,,
Dufour-405-GL,,,,,,,,,
Beneteau-First-44.7,,,,,,,,,
Passport-470,,,,,,,,,
Elan-IMPRESSION-394,,,,,,,,,
Vismara-V50-DS,,,,,,,,,
Jeanneau-Sun-Odyssey-39i,,,,,,,,,
Jeanneau-Sun-Odyssey-48-DS,,,,,,,,,
Cabo-Rico-42,,,,,,,,,
Dufour-450-GL,,,,,,,,,
Dufour-485,,,,,,,,,
Dufour-410-GL,,,,,,,,,
X-Yachts-X4.6,,,,,,,,,
Tayana-Pilothouse,,,,,,,,,
Jeanneau-49i,,,,,,,,,
Sunbeam-53,,,,,,,,,
Elan-Impression-494,,,,,,,,,
Dufour-512-GL,,,,,,,,,
Jeanneau-Sun-Odyssey-39i-Performance,,,,,,,,,
Poncin-harmony-52,,,,,,,,,
Vismara-V52,,,,,,,,,
Beneteau-Oceanis-41-Owners-Version,,,,,,,,,
RM-Yachts-RM-1200,,,,,,,,,
Hunter-41-Deck-Salon,,,,,,,,,
Jeanneau-Sun-Odyssey-409,,,,,,,,,
Dufour-410,,,,,,,,,
Elan-Impression-444,,,,,,,,,
Comar-Comet-45s,,,,,,,,,
X-Yachts-X-40,,,,,,,,,
Dehler-38-Competition,,,,,,,,,
Van-De-Stadt-Beluga-46,,,,,,,,,
Bavaria-Cruiser-46-Style,,,,,,,,,
Sly-53,,,,,,,,,
Beneteau-Oceanis-523-A,,,,,,,,,
Jeanneau-Sun-Odyssey-449,,,,,,,,,
Elan-40-Impression,,,,,,,,,
Island-Packet-SP-Cruiser,,,,,,,,,
Beneteau-Moorings-42.3,,,,,,,,,
Archambault-40-RC,,,,,,,,,
Jeanneau-Sun-Odyssey-479,,,,,,,,,
Wauquiez-Centurion-40s,,,,,,,,,
Jeanneau-Sun-Odyessy-41DS,,,,,,,,,
Hunter-44-Deck-Salon,,,,,,,,,
Beneteau-Oceanis-38.1,,,,,,,,,
Grand-Soleil-50,,,,,,,,,
Vismara-V50-Mills,,,,,,,,,
Jeanneau-Sun-Odyssey-54-DS,,,,,,,,,
Beneteau-Oceanis-Clipper-473,,,,,,,,,
Bavaria-51-Cruiser,,,,,,,,,
Beneteau-First-47.7,,,,,,,,,
Jeanneau-Sun-Odyssey-43-DS,,,,,,,,,
Beneteau-Oceanis-49,,,,,,,,,
Bavaria-42-Cruiser,,,,,,,,,
Malo-40-Classic-MK-Il,,,,,,,,,
J-Boats-J-122,,,,,,,,,
Dufour-44,,,,,,,,,
Beneteau-Oceanis-43.4,,,,,,,,,
Dufour-430-GL,,,,,,,,,
Grand-Soleil-37-B&C,,,,,,,,,
Elan-494-Impression,,,,,,,,,
X-Yachts-X-43,,,,,,,,,
RM-Yachts-rm-12.60,,,,,,,,,
Beneteau-Sense-50,,,,,,,,,
Elan-40-E5,,,,,,,,,
Beneteau-41.1,,,,,,,,,
Hanse-588,,,,,,,,,
Beneteau-First-50-Sport,,,,,,,,,
Beneteau-Oceanis-50-F-G5,,,,,,,,,
Dufour-450-Liberty-version,,,,,,,,,
Bavaria-39-Cruiser,,,,,,,,,
Beneteau-First-40.7,,,,,,,,,
Dufour-380,,,,,,,,,
Jeanneau-Sun-Odyssey-42i,,,,,,,,,
Beneteau-Oceanis-55,,,,,,,,,
Jeanneau-53,,,,,,,,,
Jeanneau-Sun-Odyssey-410,,,,,,,,,
Dufour-430,,,,,,,,,
Bavaria-Cruiser-46S,,,,,,,,,
Morris-Ocean-Series-48,,,,,,,,,
RM-Yachts-1260,,,,,,,,,
Dufour-525-GL,,,,,,,,,
Triplast-Y-40,,,,,,,,,
Jeanneau-Sun-Odyssey-40.3,,,,,,,,,
Grand-Soleil-46,,,,,,,,,
Passport-Vista-545-Center-Cockpit,,,,,,,,,
Nautor-Swan-54,,,,,,,,,
Sunbeam-42.1,,,,,,,,,
Elan-50-Impression,,,,,,,,,
Jeanneau-Sun-Odyssey-419,,,,,,,,,
Bavaria-49-Cruiser,,,,,,,,,
X-Yachts-Xc-42,,,,,,,,,
Hanse-540,,,,,,,,,
Jeanneau-Sun-Odyssey-49i-Performance,,,,,,,,,
Zuanelli-52-DH,,,,,,,,,
Beneteau-Oceanis-Clipper-523,,,,,,,,,
Oyster-53,,,,,,,,,
Beneteau-Oceanis-41,,,,,,,,,
Hunter-40,,,,,,,,,
